{
  "precision": 0.827096585206665,
  "recall": 0.559652928416486,
  "f1": 0.6495474716680674
}